SOURCE,INDEX_COL,ID,NAME,URL
Album,1,5VdyJkLe3yvOs0l4xXbWp0,17,https://open.spotify.com/album/5VdyJkLe3yvOs0l4xXbWp0
Album,2,0UMMIkurRUmkruZ3KGBLtG,2014 Forest Hills Drive,https://open.spotify.com/album/0UMMIkurRUmkruZ3KGBLtG
Album,3,4PgleR09JVnm3zY1fW3XBA,24K Magic,https://open.spotify.com/album/4PgleR09JVnm3zY1fW3XBA
Album,4,2Ti79nwTsont5ZHfdxIzAm,?,https://open.spotify.com/album/2Ti79nwTsont5ZHfdxIzAm
Album,5,1GbtB4zTqAsyfZEsm1RZfx,A Night At The Opera (2011 Remaster),https://open.spotify.com/album/1GbtB4zTqAsyfZEsm1RZfx
Album,6,4sLtOBOzn4s3GDUv3c5oJD,A Star Is Born Soundtrack,https://open.spotify.com/album/4sLtOBOzn4s3GDUv3c5oJD
Album,7,78bpIziExqiI9qztvNFlQu,AM,https://open.spotify.com/album/78bpIziExqiI9qztvNFlQu
Album,8,4yP0hdKOZPNshxUOjY0cZj,After Hours,https://open.spotify.com/album/4yP0hdKOZPNshxUOjY0cZj
Album,9,2mylGx7w2Q3yhUyN8iEWOF,All The Little Lights,https://open.spotify.com/album/2mylGx7w2Q3yhUyN8iEWOF
Album,10,3kEM2k1OFQS6etiUFtvxMh,BAD HABIT,https://open.spotify.com/album/3kEM2k1OFQS6etiUFtvxMh
Album,11,7oiJYvEJHsmYtrgviAVIBD,Back from the Edge,https://open.spotify.com/album/7oiJYvEJHsmYtrgviAVIBD
Album,12,28ZKQMoNBB0etKXZ97G2SN,Beauty Behind The Madness,https://open.spotify.com/album/28ZKQMoNBB0etKXZ97G2SN
Album,13,42WVQWuf1teDysXiOupIZt,Birds In The Trap Sing McKnight,https://open.spotify.com/album/42WVQWuf1teDysXiOupIZt
Album,14,3pLdWdkj83EYfDN6H2N8MR,Black Panther The Album Music From And Inspired By,https://open.spotify.com/album/3pLdWdkj83EYfDN6H2N8MR
Album,15,3cQO7jp5S9qLBoIVtbkSM1,Blurryface,https://open.spotify.com/album/3cQO7jp5S9qLBoIVtbkSM1
Album,16,6W0g13aOZ7bFzf0jJhIqUw,Breakfast in Bed,https://open.spotify.com/album/6W0g13aOZ7bFzf0jJhIqUw
Album,17,58G1Puut4WuGDHT470XegO,Chained,https://open.spotify.com/album/58G1Puut4WuGDHT470XegO
Album,18,0rSLgV8p5FzfnqlEk4GzxE,Closer,https://open.spotify.com/album/0rSLgV8p5FzfnqlEk4GzxE
Album,19,5D8Rdb09BkmHscEGSWAlA6,Cold Heart (PNAU Remix),https://open.spotify.com/album/5D8Rdb09BkmHscEGSWAlA6
Album,20,7wbJhbCvhPfbK1CLAkpq25,DAMN.,https://open.spotify.com/album/7wbJhbCvhPfbK1CLAkpq25
Album,21,0UywfDKYlyiu1b38DRrzYD,Dance Monkey (Stripped Back) / Dance Monkey,https://open.spotify.com/album/0UywfDKYlyiu1b38DRrzYD
Album,22,0K7FgdruS8ePiXHAPplYP8,Dark Knight,https://open.spotify.com/album/0K7FgdruS8ePiXHAPplYP8
Album,23,10FLjwfpbxLmW8c25Xyc2N,Die With A Smile,https://open.spotify.com/album/10FLjwfpbxLmW8c25Xyc2N
Album,24,5658aM19fA3JVwTK6eQX70,Divinely Uninspired To A Hellish Extent,https://open.spotify.com/album/5658aM19fA3JVwTK6eQX70
Album,25,4UMjBXcRqIgMZ1XumU2x5T,Dizzy up the Girl,https://open.spotify.com/album/4UMjBXcRqIgMZ1XumU2x5T
Album,26,6J84szYCnMfzEcvIcfWMFL,Doo-Wops & Hooligans,https://open.spotify.com/album/6J84szYCnMfzEcvIcfWMFL
Album,27,6rIbiUMmZJfqJRnXhVxFvg,Dream Your Life Away,https://open.spotify.com/album/6rIbiUMmZJfqJRnXhVxFvg
Album,28,02sEJTj1sye1JaqxqpcSCp,Encore,https://open.spotify.com/album/02sEJTj1sye1JaqxqpcSCp
Album,29,5DvJgsMLbaR1HmAI6VhfcQ,Endless Summer Vacation,https://open.spotify.com/album/5DvJgsMLbaR1HmAI6VhfcQ
Album,30,7n0WSpJy1pFUr4cJCBprs3,Evasion,https://open.spotify.com/album/7n0WSpJy1pFUr4cJCBprs3
Album,31,5GlPAy2PRJW06GVFhKwGTl,Evolve,https://open.spotify.com/album/5GlPAy2PRJW06GVFhKwGTl
Album,32,4bZJWQhHKJckFLJuYdvyX2,F*CK LOVE 3: OVER YOU,https://open.spotify.com/album/4bZJWQhHKJckFLJuYdvyX2
Album,33,7xV2TzoaVc0ycW7fwBwAml,Fine Line,https://open.spotify.com/album/7xV2TzoaVc0ycW7fwBwAml
Album,34,2nkto6YNI4rUYTLqEwWJ3o,Flower Boy,https://open.spotify.com/album/2nkto6YNI4rUYTLqEwWJ3o
Album,35,7fJJK56U9fHixgO0HQkhtI,Future Nostalgia,https://open.spotify.com/album/7fJJK56U9fHixgO0HQkhtI
Album,36,5pSk3c3wVwnb2arb6ohCPU,GOLDEN,https://open.spotify.com/album/5pSk3c3wVwnb2arb6ohCPU
Album,37,6tkjU4Umpo79wwkgPMV3nZ,Goodbye & Good Riddance,https://open.spotify.com/album/6tkjU4Umpo79wwkgPMV3nZ
Album,38,7aJuG4TFXa2hmE4z1yxc3n,HIT ME HARD AND SOFT,https://open.spotify.com/album/7aJuG4TFXa2hmE4z1yxc3n
Album,39,78EicdHZr5XBWD7llEZ1Jh,Happier,https://open.spotify.com/album/78EicdHZr5XBWD7llEZ1Jh
Album,40,1tZ2ihwKZEnAzYp950Xvkj,Hard 2 Luv,https://open.spotify.com/album/1tZ2ihwKZEnAzYp950Xvkj
Album,41,5r36AJ6VOJtp00oxSkBZ5h,Harry's House,https://open.spotify.com/album/5r36AJ6VOJtp00oxSkBZ5h
Album,42,69K1zrf6TkXHdYUO8n2qVi,Heat Waves,https://open.spotify.com/album/69K1zrf6TkXHdYUO8n2qVi
Album,43,4g1ZRSobMefqF6nelkgibi,Hollywood's Bleeding,https://open.spotify.com/album/4g1ZRSobMefqF6nelkgibi
Album,44,4piJq7R3gjUOxnYs6lDCTg,Hot Fuss,https://open.spotify.com/album/4piJq7R3gjUOxnYs6lDCTg
Album,45,6bcl0ZcPJWJtyuRsOyhvfv,Hozier (Special Edition),https://open.spotify.com/album/6bcl0ZcPJWJtyuRsOyhvfv
Album,46,6hPkbAV3ZXpGZBGUvL6jVM,Hybrid Theory (Bonus Edition),https://open.spotify.com/album/6hPkbAV3ZXpGZBGUvL6jVM
Album,47,4xkM0BwLM9H2IUcbYzpcBI,I Love You.,https://open.spotify.com/album/4xkM0BwLM9H2IUcbYzpcBI
Album,48,2AWB26jVkCzQTNDkiRIRoD,I'm the problem,https://open.spotify.com/album/2AWB26jVkCzQTNDkiRIRoD
Album,49,3wBabo4pmzsYjALMSKY7Iq,Illuminate (Deluxe),https://open.spotify.com/album/3wBabo4pmzsYjALMSKY7Iq
Album,50,4c2p3TdN7NcQfCXyueCNnC,Jungle Rules,https://open.spotify.com/album/4c2p3TdN7NcQfCXyueCNnC
Album,51,5lQ6Bz09QaqQR0trFKfhuU,Livin Fast,https://open.spotify.com/album/5lQ6Bz09QaqQR0trFKfhuU
Album,52,0Gf1yE895FKK4YWVRuAeg8,Long Way Down (Deluxe),https://open.spotify.com/album/0Gf1yE895FKK4YWVRuAeg8
Album,53,4OTAx9un4e6NfoHuVRiOrC,Love In The Future (Expanded Edition),https://open.spotify.com/album/4OTAx9un4e6NfoHuVRiOrC
Album,54,1NAmidJlEaVgA3MpcPFYGq,Lover,https://open.spotify.com/album/1NAmidJlEaVgA3MpcPFYGq
Album,55,7nvfAzEomWZ6vFVTV1z3bb,Marionette,https://open.spotify.com/album/7nvfAzEomWZ6vFVTV1z3bb
Album,56,4JPguzRps3kuWDD5GS6oXr,Memories...Do Not Open,https://open.spotify.com/album/4JPguzRps3kuWDD5GS6oXr
Album,57,1Cm6wsvnTlOXrfI9PkD8i4,Native,https://open.spotify.com/album/1Cm6wsvnTlOXrfI9PkD8i4
Album,58,2aomDtUKVX9XtrplU8d5l1,Necromancer,https://open.spotify.com/album/2aomDtUKVX9XtrplU8d5l1
Album,59,2UJcKiJxNryhL050F5Z1Fk,Nevermind (Remastered),https://open.spotify.com/album/2UJcKiJxNryhL050F5Z1Fk
Album,60,1vAEF8F0HoRFGiYOEeJXHW,Night Visions (Deluxe),https://open.spotify.com/album/1vAEF8F0HoRFGiYOEeJXHW
Album,61,4JbsND0hhcL4A3rBzX3ok2,No Good Man,https://open.spotify.com/album/4JbsND0hhcL4A3rBzX3ok2
Album,62,7GEzhoTiqcPYkOprWQu581,One Kiss (with Dua Lipa),https://open.spotify.com/album/7GEzhoTiqcPYkOprWQu581
Album,63,6zxj8B0DOOPRSt0aVVdFZ3,Only Human,https://open.spotify.com/album/6zxj8B0DOOPRSt0aVVdFZ3
Album,64,6ZG5lRT77aJ3btmArcykra,Parachutes,https://open.spotify.com/album/6ZG5lRT77aJ3btmArcykra
Album,65,7fZH0aUAjY3ay25obOUf2a,Purpose (Deluxe),https://open.spotify.com/album/7fZH0aUAjY3ay25obOUf2a
Album,66,3CjuTytLZz3G9znXt2rJgU,SHADYXV,https://open.spotify.com/album/3CjuTytLZz3G9znXt2rJgU
Album,67,07w0rG5TETcyihsEIZR3qG,SOS,https://open.spotify.com/album/07w0rG5TETcyihsEIZR3qG
Album,68,6s84u2TUpR3wdUv4NgKA2j,SOUR,https://open.spotify.com/album/6s84u2TUpR3wdUv4NgKA2j
Album,69,5WmODYSnoc56Gk4ewuyVeF,Sabrina,https://open.spotify.com/album/5WmODYSnoc56Gk4ewuyVeF
Album,70,2YDNDwQvsU0njt7Kq0xNRY,Scary Hours,https://open.spotify.com/album/2YDNDwQvsU0njt7Kq0xNRY
Album,71,2ZaX1FdZCwchXl1QZiD4O4,Señorita,https://open.spotify.com/album/2ZaX1FdZCwchXl1QZiD4O4
Album,72,4iCr8UU3lLvoUEFXXDqY6Q,Shine a Light,https://open.spotify.com/album/4iCr8UU3lLvoUEFXXDqY6Q
Album,73,35s58BRTGAEWztPo9WqCIs,Spider-Man: Into the Spider-Verse (Soundtrack From & Inspired by the Motion Picture),https://open.spotify.com/album/35s58BRTGAEWztPo9WqCIs
Album,74,09fggMHib4YkOtwQNXEBII,Starboy,https://open.spotify.com/album/09fggMHib4YkOtwQNXEBII
Album,75,2ODvWsOgouMbaA5xf0RkJe,Starboy,https://open.spotify.com/album/2ODvWsOgouMbaA5xf0RkJe
Album,76,4sD1qg4jwTZR4mvR4Iflk5,Strange Trails,https://open.spotify.com/album/4sD1qg4jwTZR4mvR4Iflk5
Album,77,6MlQBLTUfE3Ritq5gkPUOb,Sunlight,https://open.spotify.com/album/6MlQBLTUfE3Ritq5gkPUOb
Album,78,5W9OT0a5iZlBr83a9WMKFY,Synchronicity (Remastered 2003),https://open.spotify.com/album/5W9OT0a5iZlBr83a9WMKFY
Album,79,2cWBwpqMsDJC1ZUwz813lo,The Eminem Show,https://open.spotify.com/album/2cWBwpqMsDJC1ZUwz813lo
Album,80,5pfpXvoJtSIFrbPIoBEv3R,The Essential Journey,https://open.spotify.com/album/5pfpXvoJtSIFrbPIoBEv3R
Album,81,0oJkJilrDLbLeCR9NPWQIw,The Hard Days,https://open.spotify.com/album/0oJkJilrDLbLeCR9NPWQIw
Album,82,76FXHQhTuT4QMIxfL09gX8,The Heist,https://open.spotify.com/album/76FXHQhTuT4QMIxfL09gX8
Album,83,02h9kO2oLKnLtycgbElKsw,True,https://open.spotify.com/album/02h9kO2oLKnLtycgbElKsw
Album,84,4xWulj18AGahlyuZPulaGe,Unorthodox Jukebox,https://open.spotify.com/album/4xWulj18AGahlyuZPulaGe
Album,85,3hARKC8cinq3mZLLAEaBh9,Views,https://open.spotify.com/album/3hARKC8cinq3mZLLAEaBh9
Album,86,1CEODgTmTwLyabvwd7HBty,Viva La Vida or Death and All His Friends,https://open.spotify.com/album/1CEODgTmTwLyabvwd7HBty
Album,87,0S0KGZnfBGSIssfF54WSJh,"WHEN WE ALL FALL ASLEEP, WHERE DO WE GO?",https://open.spotify.com/album/0S0KGZnfBGSIssfF54WSJh
Album,88,2sBB17RXTamvj7Ncps15AK,lovely (with Khalid),https://open.spotify.com/album/2sBB17RXTamvj7Ncps15AK
Album,89,4AabsQ6plH3OmdE6BWI04j,rockstar,https://open.spotify.com/album/4AabsQ6plH3OmdE6BWI04j
Album,90,2fYhqwDWXjbpjaIJPEfKFw,"thank u, next",https://open.spotify.com/album/2fYhqwDWXjbpjaIJPEfKFw
Album,91,1xn54DMo2qIqBuMqHtUsFd,x (Deluxe Edition),https://open.spotify.com/album/1xn54DMo2qIqBuMqHtUsFd
Album,92,3T4tUhGYeRNVUGevb0wThu,÷ (Deluxe),https://open.spotify.com/album/3T4tUhGYeRNVUGevb0wThu
Artist,1,1URnnhqYAYcrqrcwql10ft,21 Savage,https://api.spotify.com/v1/artists/1URnnhqYAYcrqrcwql10ft
Artist,2,2tDA2vvMMRpi5GZL0hzqqj,Alexcis,https://api.spotify.com/v1/artists/2tDA2vvMMRpi5GZL0hzqqj
Artist,3,3YHJEiyej3rTG3HwgXzaRV,AllyxWay,https://api.spotify.com/v1/artists/3YHJEiyej3rTG3HwgXzaRV
Artist,4,2lKZsuwIJdtnaFE2CF3aRX,Alwyn Morrison,https://api.spotify.com/v1/artists/2lKZsuwIJdtnaFE2CF3aRX
Artist,5,7Ln80lUS6He07XvHI8qqHH,Arctic Monkeys,https://api.spotify.com/v1/artists/7Ln80lUS6He07XvHI8qqHH
Artist,6,66CXWjxzNUsdJxJ2JdwvnR,Ariana Grande,https://api.spotify.com/v1/artists/66CXWjxzNUsdJxJ2JdwvnR
Artist,7,3cC0ENi891YINe3Q4UknYe,Austroid,https://api.spotify.com/v1/artists/3cC0ENi891YINe3Q4UknYe
Artist,8,5whBm2Wk9GvITjOclp8nQX,Ava Della Pietra,https://api.spotify.com/v1/artists/5whBm2Wk9GvITjOclp8nQX
Artist,9,1vCWHaC5f2uS3yhpwWbIA6,Avicii,https://api.spotify.com/v1/artists/1vCWHaC5f2uS3yhpwWbIA6
Artist,10,4AnulnIsdMeFSGN8FauJ8v,Band of Silver,https://api.spotify.com/v1/artists/4AnulnIsdMeFSGN8FauJ8v
Artist,11,7EQ0qTo7fWT7DPxmxtSYEc,Bastille,https://api.spotify.com/v1/artists/7EQ0qTo7fWT7DPxmxtSYEc
Artist,12,6qqNVTkY8uBg9cP3Jd7DAH,Billie Eilish,https://api.spotify.com/v1/artists/6qqNVTkY8uBg9cP3Jd7DAH
Artist,13,4VIvfOurcf0vuLRxLkGnIG,Bradley Cooper,https://api.spotify.com/v1/artists/4VIvfOurcf0vuLRxLkGnIG
Artist,14,0du5cEVh5yTK9QJze8zA0C,Bruno Mars,https://api.spotify.com/v1/artists/0du5cEVh5yTK9QJze8zA0C
Artist,15,7CajNmpbOovFoOoasH2HaY,Calvin Harris,https://api.spotify.com/v1/artists/7CajNmpbOovFoOoasH2HaY
Artist,16,4nDoRrQiYLoBzwC5BhVJzF,Camila Cabello,https://api.spotify.com/v1/artists/4nDoRrQiYLoBzwC5BhVJzF
Artist,17,4gzpq5DPGxSnKTe4SA8HAU,Coldplay,https://api.spotify.com/v1/artists/4gzpq5DPGxSnKTe4SA8HAU
Artist,18,6Jsh7nTKdhKsVHP5zHooI0,Cwby,https://api.spotify.com/v1/artists/6Jsh7nTKdhKsVHP5zHooI0
Artist,19,540vIaP2JwjQb9dm3aArA4,DJ Snake,https://api.spotify.com/v1/artists/540vIaP2JwjQb9dm3aArA4
Artist,20,4tZwfgrHOc3mvqYlEYSvVi,Daft Punk,https://api.spotify.com/v1/artists/4tZwfgrHOc3mvqYlEYSvVi
Artist,21,3TVXtAsR1Inumwj472S9r4,Drake,https://api.spotify.com/v1/artists/3TVXtAsR1Inumwj472S9r4
Artist,22,6M2wZ9GZgrQXHCFfjv46we,Dua Lipa,https://api.spotify.com/v1/artists/6M2wZ9GZgrQXHCFfjv46we
Artist,23,6eUKZXaKkcviH0Ku9w2n3V,Ed Sheeran,https://api.spotify.com/v1/artists/6eUKZXaKkcviH0Ku9w2n3V
Artist,24,3PhoLpVuITZKcymswpck5b,Elton John,https://api.spotify.com/v1/artists/3PhoLpVuITZKcymswpck5b
Artist,25,7dGJo4pcD2V6oG8kP0tJRR,Eminem,https://api.spotify.com/v1/artists/7dGJo4pcD2V6oG8kP0tJRR
Artist,26,6vXTefBL93Dj5IqAWq6OTv,French Montana,https://api.spotify.com/v1/artists/6vXTefBL93Dj5IqAWq6OTv
Artist,27,4yvcSjfu4PC0CYQyLy4wSq,Glass Animals,https://api.spotify.com/v1/artists/4yvcSjfu4PC0CYQyLy4wSq
Artist,28,26VFTg2z8YR0cCuwLzESi2,Halsey,https://api.spotify.com/v1/artists/26VFTg2z8YR0cCuwLzESi2
Artist,29,6KImCVD70vtIoJWnq6nGn3,Harry Styles,https://api.spotify.com/v1/artists/6KImCVD70vtIoJWnq6nGn3
Artist,30,2FXC3k01G6Gw61bmprjgqS,Hozier,https://api.spotify.com/v1/artists/2FXC3k01G6Gw61bmprjgqS
Artist,31,53XhwfbYqKCa1cC15pYq2q,Imagine Dragons,https://api.spotify.com/v1/artists/53XhwfbYqKCa1cC15pYq2q
Artist,32,6l3HvQ5sa6mXTsMTB19rO5,J. Cole,https://api.spotify.com/v1/artists/6l3HvQ5sa6mXTsMTB19rO5
Artist,33,4IWBUUAFIplrNtaOHcJPRM,James Arthur,https://api.spotify.com/v1/artists/4IWBUUAFIplrNtaOHcJPRM
Artist,34,5y2Xq6xcjJb2jVM54GHK3t,John Legend,https://api.spotify.com/v1/artists/5y2Xq6xcjJb2jVM54GHK3t
Artist,35,0rvjqX7ttXeg3mTy8Xscbt,Journey,https://api.spotify.com/v1/artists/0rvjqX7ttXeg3mTy8Xscbt
Artist,36,4MCBfE4596Uoi2O4DtmEMz,Juice WRLD,https://api.spotify.com/v1/artists/4MCBfE4596Uoi2O4DtmEMz
Artist,37,6HaGTQPmzraVmaVxvz6EUc,Jung Kook,https://api.spotify.com/v1/artists/6HaGTQPmzraVmaVxvz6EUc
Artist,38,1uNFoZAHBGtllmzznpCI3s,Justin Bieber,https://api.spotify.com/v1/artists/1uNFoZAHBGtllmzznpCI3s
Artist,39,1U1el3k54VvEUzo3ybLPlM,Kali Uchis,https://api.spotify.com/v1/artists/1U1el3k54VvEUzo3ybLPlM
Artist,40,2YZyLoL8N0Wb9xBt1NhZWg,Kendrick Lamar,https://api.spotify.com/v1/artists/2YZyLoL8N0Wb9xBt1NhZWg
Artist,41,6LuN9FCkKOj5PcnpouEgny,Khalid,https://api.spotify.com/v1/artists/6LuN9FCkKOj5PcnpouEgny
Artist,42,6TK7fjRPdy2GW2pJzNF23L,Kyla,https://api.spotify.com/v1/artists/6TK7fjRPdy2GW2pJzNF23L
Artist,43,1HY2Jd0NmPuamShAr6KMms,Lady Gaga,https://api.spotify.com/v1/artists/1HY2Jd0NmPuamShAr6KMms
Artist,44,3MdXrJWsbVzdn6fe5JYkSQ,Latto,https://api.spotify.com/v1/artists/3MdXrJWsbVzdn6fe5JYkSQ
Artist,45,1jiZvw42D4oquLl24x2VWV,Lefty Gunplay,https://api.spotify.com/v1/artists/1jiZvw42D4oquLl24x2VWV
Artist,46,4GNC7GD6oZMSxPGyXy4MNB,Lewis Capaldi,https://api.spotify.com/v1/artists/4GNC7GD6oZMSxPGyXy4MNB
Artist,47,6XyY86QOPPrYVGvF9ch6wz,Linkin Park,https://api.spotify.com/v1/artists/6XyY86QOPPrYVGvF9ch6wz
Artist,48,6ltzsmQQbmdoHHbLZ4ZN25,Lord Huron,https://api.spotify.com/v1/artists/6ltzsmQQbmdoHHbLZ4ZN25
Artist,49,3JhNCzhSMTxs9WLGJJxWOY,Macklemore,https://api.spotify.com/v1/artists/3JhNCzhSMTxs9WLGJJxWOY
Artist,50,6WLvgbfYXQPO396oJEYCsi,Macklemore & Ryan Lewis,https://api.spotify.com/v1/artists/6WLvgbfYXQPO396oJEYCsi
Artist,51,3xCJGN3GDCMVItSBESVKBq,Mag$,https://api.spotify.com/v1/artists/3xCJGN3GDCMVItSBESVKBq
Artist,52,59E09Es8P8Kj2ANWsqS6h3,Marigo Bay,https://api.spotify.com/v1/artists/59E09Es8P8Kj2ANWsqS6h3
Artist,53,64KEffDW9EtZ1y2vBYgq8T,Marshmello,https://api.spotify.com/v1/artists/64KEffDW9EtZ1y2vBYgq8T
Artist,54,4lAfwiYEwAOZM4oK4Glv3F,Meagan Allen,https://api.spotify.com/v1/artists/4lAfwiYEwAOZM4oK4Glv3F
Artist,55,5YGY8feqx7naU7z4HrwZM6,Miley Cyrus,https://api.spotify.com/v1/artists/5YGY8feqx7naU7z4HrwZM6
Artist,56,6TYO6KHAK5PCoyNSuvbOmW,Naked Face,https://api.spotify.com/v1/artists/6TYO6KHAK5PCoyNSuvbOmW
Artist,57,6olE6TJLqED3rqDCT0FyPh,Nirvana,https://api.spotify.com/v1/artists/6olE6TJLqED3rqDCT0FyPh
Artist,58,1McMsnEElThX1knmY4oliG,Olivia Rodrigo,https://api.spotify.com/v1/artists/1McMsnEElThX1knmY4oliG
Artist,59,5Pwc4xIPtQLFEnJriah9YJ,OneRepublic,https://api.spotify.com/v1/artists/5Pwc4xIPtQLFEnJriah9YJ
Artist,60,6n28c9qs9hNGriNa72b26u,PNAU,https://api.spotify.com/v1/artists/6n28c9qs9hNGriNa72b26u
Artist,61,0gadJ2b9A4SKsB1RFkBb66,Passenger,https://api.spotify.com/v1/artists/0gadJ2b9A4SKsB1RFkBb66
Artist,62,246dkjvS1zLTtiykXe5h60,Post Malone,https://api.spotify.com/v1/artists/246dkjvS1zLTtiykXe5h60
Artist,63,1dfeR4HaWDbWqFHLkxsg1d,Queen,https://api.spotify.com/v1/artists/1dfeR4HaWDbWqFHLkxsg1d
Artist,64,4e0nWw2r4BoQSKPQ2zpU13,Ray Dalton,https://api.spotify.com/v1/artists/4e0nWw2r4BoQSKPQ2zpU13
Artist,65,25jadPbOBfNjPVYbCHEXy2,Rocco Racks,https://api.spotify.com/v1/artists/25jadPbOBfNjPVYbCHEXy2
Artist,66,4myTppRgh0rojLxx8RycOp,Ryan Lewis,https://api.spotify.com/v1/artists/4myTppRgh0rojLxx8RycOp
Artist,67,7tYKF4w9nC0nq9CsPZTHyP,SZA,https://api.spotify.com/v1/artists/7tYKF4w9nC0nq9CsPZTHyP
Artist,68,5M719s0iFExbYpmLDMudPJ,Sentury,https://api.spotify.com/v1/artists/5M719s0iFExbYpmLDMudPJ
Artist,69,7n2wHs1TKAczGzO7Dd2rGr,Shawn Mendes,https://api.spotify.com/v1/artists/7n2wHs1TKAczGzO7Dd2rGr
Artist,70,1zNqQNIdeOUZHb8zbZRFMX,Swae Lee,https://api.spotify.com/v1/artists/1zNqQNIdeOUZHb8zbZRFMX
Artist,71,3enznbGqfD27y42EipONeL,Sydney Gordon,https://api.spotify.com/v1/artists/3enznbGqfD27y42EipONeL
Artist,72,2nmXKh1URuUD1DaIoWJ9ww,TK RUN IT UP,https://api.spotify.com/v1/artists/2nmXKh1URuUD1DaIoWJ9ww
Artist,73,06HL4z0CvFAxyc27GXpf02,Taylor Swift,https://api.spotify.com/v1/artists/06HL4z0CvFAxyc27GXpf02
Artist,74,69GGBxA162lTqCwzJG5jLp,The Chainsmokers,https://api.spotify.com/v1/artists/69GGBxA162lTqCwzJG5jLp
Artist,75,2sil8z5kiy4r76CRTXxBCA,The Goo Goo Dolls,https://api.spotify.com/v1/artists/2sil8z5kiy4r76CRTXxBCA
Artist,76,2acqLrAZ1lspWmbpQzdiGE,The Hourglass Effect,https://api.spotify.com/v1/artists/2acqLrAZ1lspWmbpQzdiGE
Artist,77,2tIP7SsRs7vjIcLrU85W8J,The Kid LAROI,https://api.spotify.com/v1/artists/2tIP7SsRs7vjIcLrU85W8J
Artist,78,0C0XlULifJtAgn6ZNCW2eu,The Killers,https://api.spotify.com/v1/artists/0C0XlULifJtAgn6ZNCW2eu
Artist,79,77SW9BnxLY8rJ0RciFqkHh,The Neighbourhood,https://api.spotify.com/v1/artists/77SW9BnxLY8rJ0RciFqkHh
Artist,80,5NGO30tJxFlKixkPSgXcFE,The Police,https://api.spotify.com/v1/artists/5NGO30tJxFlKixkPSgXcFE
Artist,81,1Xyo4u8uXC1ZmMpatF05PJ,The Weeknd,https://api.spotify.com/v1/artists/1Xyo4u8uXC1ZmMpatF05PJ
Artist,82,2txHhyCwHjUEpJjWrEyqyX,Tom Odell,https://api.spotify.com/v1/artists/2txHhyCwHjUEpJjWrEyqyX
Artist,83,2NjfBq1NflQcKSeiDooVjY,Tones And I,https://api.spotify.com/v1/artists/2NjfBq1NflQcKSeiDooVjY
Artist,84,0Y5tJX1MQlPlqiwlOH1tJY,Travis Scott,https://api.spotify.com/v1/artists/0Y5tJX1MQlPlqiwlOH1tJY
Artist,85,3YQKmKGau1PzlVlkL1iodx,Twenty One Pilots,https://api.spotify.com/v1/artists/3YQKmKGau1PzlVlkL1iodx
Artist,86,4V8LLVI7PbaPR0K2TGSxFF,"Tyler, The Creator",https://api.spotify.com/v1/artists/4V8LLVI7PbaPR0K2TGSxFF
Artist,87,10exVja0key0uqUkk6LJRT,Vance Joy,https://api.spotify.com/v1/artists/10exVja0key0uqUkk6LJRT
Artist,88,4tpO0zfBPnybSWgVuvUhza,Visceral Design,https://api.spotify.com/v1/artists/4tpO0zfBPnybSWgVuvUhza
Artist,89,3tVQdUvClmAT7URs9V3rsp,Wizkid,https://api.spotify.com/v1/artists/3tVQdUvClmAT7URs9V3rsp
Artist,90,15UsOTVnJzReFVN1VCnxy4,XXXTENTACION,https://api.spotify.com/v1/artists/15UsOTVnJzReFVN1VCnxy4
Artist,91,3wuXZ5eJzdqsSaVUbsc2Mi,Y is Nature,https://api.spotify.com/v1/artists/3wuXZ5eJzdqsSaVUbsc2Mi
Song,1,6ocbgoVGwYJhOv1GgI9NsF,7 rings,https://open.spotify.com/track/6ocbgoVGwYJhOv1GgI9NsF
Song,3,3U4isOIWM3VvDubwSI3y7a,All of Me,https://open.spotify.com/track/3U4isOIWM3VvDubwSI3y7a
Song,4,3JvKfv6T31zO0ini8iNItO,Another Love,https://open.spotify.com/track/3JvKfv6T31zO0ini8iNItO
Song,5,4Dvkj6JhhA12EX05fT7y2e,As It Was,https://open.spotify.com/track/4Dvkj6JhhA12EX05fT7y2e
Song,6,2eHmX05hiyqkOT3mB7ISFP,BAD HABIT,https://open.spotify.com/track/2eHmX05hiyqkOT3mB7ISFP
Song,7,6dOtVTDdiauQNBQEDOtlAB,BIRDS OF A FEATHER,https://open.spotify.com/track/6dOtVTDdiauQNBQEDOtlAB
Song,8,0CcQNd8CINkwQfe1RDtGV6,Believer,https://open.spotify.com/track/0CcQNd8CINkwQfe1RDtGV6
Song,9,0VjIjW4GlUZAMYd2vXMi3b,Blinding Lights,https://open.spotify.com/track/0VjIjW4GlUZAMYd2vXMi3b
Song,10,4u7EnebtmKWzUH433cf5Qv,Bohemian Rhapsody - Remastered 2011,https://open.spotify.com/track/4u7EnebtmKWzUH433cf5Qv
Song,11,15aCcIBuGjkTBCewAkUg8K,Breakfast in Bed,https://open.spotify.com/track/15aCcIBuGjkTBCewAkUg8K
Song,12,3bidbhpOYeV4knp8AIu8Xn,Can't Hold Us (feat. Ray Dalton),https://open.spotify.com/track/3bidbhpOYeV4knp8AIu8Xn
Song,13,6rzLjqbfZ2bfom2g6UUDKD,Chained,https://open.spotify.com/track/6rzLjqbfZ2bfom2g6UUDKD
Song,14,21jGcNKet2qwijlDFuPiPb,Circles,https://open.spotify.com/track/21jGcNKet2qwijlDFuPiPb
Song,15,7BKLCZ1jbUBVqRi2FVlTVw,Closer,https://open.spotify.com/track/7BKLCZ1jbUBVqRi2FVlTVw
Song,16,6zSpb8dQRaw0M1dK8PBwQz,Cold Heart - PNAU Remix,https://open.spotify.com/track/6zSpb8dQRaw0M1dK8PBwQz
Song,17,5edBgVtRD0fvWk140Sl21T,Counting Stars,https://open.spotify.com/track/5edBgVtRD0fvWk140Sl21T
Song,18,1BxfuPKGuaTgP7aM0Bbdwr,Cruel Summer,https://open.spotify.com/track/1BxfuPKGuaTgP7aM0Bbdwr
Song,19,2XU0oxnq2qxCpomAAuJY8K,Dance Monkey,https://open.spotify.com/track/2XU0oxnq2qxCpomAAuJY8K
Song,20,2ENftrVuQ2d9U2YRrlvHZJ,Dark Knight,https://open.spotify.com/track/2ENftrVuQ2d9U2YRrlvHZJ
Song,21,2Oehrcv4Kov0SuIgWyQY9e,Demons,https://open.spotify.com/track/2Oehrcv4Kov0SuIgWyQY9e
Song,22,2Ch7LmS7r2Gy2kc64wv3Bz,Die For You,https://open.spotify.com/track/2Ch7LmS7r2Gy2kc64wv3Bz
Song,23,2plbrEY59IikOBgBGLjaoe,Die With A Smile,https://open.spotify.com/track/2plbrEY59IikOBgBGLjaoe
Song,24,5FVd6KXrgO9B3JPmC8OPst,Do I Wanna Know?,https://open.spotify.com/track/5FVd6KXrgO9B3JPmC8OPst
Song,25,3PfIrDoz19wz7qK7tYeu62,Don't Start Now,https://open.spotify.com/track/3PfIrDoz19wz7qK7tYeu62
Song,26,77NNZQSqzLNqh2A9JhLRkg,Don't Stop Believin',https://open.spotify.com/track/77NNZQSqzLNqh2A9JhLRkg
Song,27,1JSTJqkT5qHq8MDJnJbRE1,Every Breath You Take,https://open.spotify.com/track/1JSTJqkT5qHq8MDJnJbRE1
Song,28,7DSAEUvxU8FajXtRloy8M0,Flowers,https://open.spotify.com/track/7DSAEUvxU8FajXtRloy8M0
Song,29,6T8cJz5lAqGer9GUHGyelE,God's Plan,https://open.spotify.com/track/6T8cJz5lAqGer9GUHGyelE
Song,30,7ujx3NYtwO2LkmKGz59mXp,HUMBLE.,https://open.spotify.com/track/7ujx3NYtwO2LkmKGz59mXp
Song,31,2dpaYNEQHiRxtZbfNsse99,Happier,https://open.spotify.com/track/2dpaYNEQHiRxtZbfNsse99
Song,32,1XuTclE1rgHk5grtTUZflA,Hard 2 Luv,https://open.spotify.com/track/1XuTclE1rgHk5grtTUZflA
Song,33,6CDzDgIUqeDY5g8ujExx2f,Heat Waves,https://open.spotify.com/track/6CDzDgIUqeDY5g8ujExx2f
Song,34,5XeFesFbtLpXzIVDNQP22n,I Wanna Be Yours,https://open.spotify.com/track/5XeFesFbtLpXzIVDNQP22n
Song,35,6XWmOWERKZRxeqkAIffh94,I'm the problem,https://open.spotify.com/track/6XWmOWERKZRxeqkAIffh94
Song,36,60a0Rd6pjrkxjPbaKzXjfq,In the End,https://open.spotify.com/track/60a0Rd6pjrkxjPbaKzXjfq
Song,37,6Qyc6fS4DsZjB2mRW9DsQs,Iris,https://open.spotify.com/track/6Qyc6fS4DsZjB2mRW9DsQs
Song,38,7m9OqQk4RVRkw9JJdeAw96,Jocelyn Flores,https://open.spotify.com/track/7m9OqQk4RVRkw9JJdeAw96
Song,39,47Slg6LuqLaX0VodpSCvPt,Just the Way You Are,https://open.spotify.com/track/47Slg6LuqLaX0VodpSCvPt
Song,40,3OHfY25tqY28d16oZczHc8,Kill Bill,https://open.spotify.com/track/3OHfY25tqY28d16oZczHc8
Song,41,7DFNE7NO0raLIUbgzY2rzm,Let Her Go,https://open.spotify.com/track/7DFNE7NO0raLIUbgzY2rzm
Song,42,0lYBSQXN6rCTvUZvg9S0lU,Let Me Love You,https://open.spotify.com/track/0lYBSQXN6rCTvUZvg9S0lU
Song,43,5g7sDjBhZ4I3gcFIpkrLuI,Locked out of Heaven,https://open.spotify.com/track/5g7sDjBhZ4I3gcFIpkrLuI
Song,44,7MJQ9Nfxzh8LPZ9e9u68Fq,Lose Yourself,https://open.spotify.com/track/7MJQ9Nfxzh8LPZ9e9u68Fq
Song,45,3hB5DgAiMAQ4DzYbsMq1IT,Love Yourself,https://open.spotify.com/track/3hB5DgAiMAQ4DzYbsMq1IT
Song,46,285pBltuF7vW8TeWk8hdRR,Lucid Dreams,https://open.spotify.com/track/285pBltuF7vW8TeWk8hdRR
Song,47,2JqNNFjlDJfIPNASjTvJ72,Marionette,https://open.spotify.com/track/2JqNNFjlDJfIPNASjTvJ72
Song,48,003vvx7Niy0yvhvHt4a68B,Mr. Brightside,https://open.spotify.com/track/003vvx7Niy0yvhvHt4a68B
Song,49,6dHFM8TPe90x7egKveFEaX,Necromancer,https://open.spotify.com/track/6dHFM8TPe90x7egKveFEaX
Song,50,20fhmz22BcV0V7XIWOB6aj,No Good Man,https://open.spotify.com/track/20fhmz22BcV0V7XIWOB6aj
Song,51,68Dni7IE4VyPkTOH9mRWHr,No Role Modelz,https://open.spotify.com/track/68Dni7IE4VyPkTOH9mRWHr
Song,52,1xznGGDReH1oQq0xzbwXa3,One Dance,https://open.spotify.com/track/1xznGGDReH1oQq0xzbwXa3
Song,53,7ef4DlsgrMEH11cDZd32M6,One Kiss (with Dua Lipa),https://open.spotify.com/track/7ef4DlsgrMEH11cDZd32M6
Song,54,0XNODYfG6OvtFw0QQbkQbn,Only Human,https://open.spotify.com/track/0XNODYfG6OvtFw0QQbkQbn
Song,55,0tgVpDi06FyKpA1z0VMD4v,Perfect,https://open.spotify.com/track/0tgVpDi06FyKpA1z0VMD4v
Song,56,1HNkqx9Ahdgi1Ixy2xkKkL,Photograph,https://open.spotify.com/track/1HNkqx9Ahdgi1Ixy2xkKkL
Song,57,7yq4Qj7cqayVTp3FF9CWbm,Riptide,https://open.spotify.com/track/7yq4Qj7cqayVTp3FF9CWbm
Song,58,3ee8Jmje8o58CHK66QrVC2,SAD!,https://open.spotify.com/track/3ee8Jmje8o58CHK66QrVC2
Song,59,5PjdY0CKGZdEuoNab3yDmX,STAY (with Justin Bieber),https://open.spotify.com/track/5PjdY0CKGZdEuoNab3yDmX
Song,60,2LcFtw5SqddSIdyT7j8nfV,Sabrina,https://open.spotify.com/track/2LcFtw5SqddSIdyT7j8nfV
Song,61,5uCax9HTNlzGybIStD3vDh,Say You Won't Let Go,https://open.spotify.com/track/5uCax9HTNlzGybIStD3vDh
Song,62,7KA4W4McWYRpgf0fWsJZWB,See You Again (feat. Kali Uchis),https://open.spotify.com/track/7KA4W4McWYRpgf0fWsJZWB
Song,63,0RMuhbvaALgw2tP2rBVeFX,Set the Score,https://open.spotify.com/track/0RMuhbvaALgw2tP2rBVeFX
Song,64,2HRgqmZQC0MC7GeNuDIXHN,Seven (feat. Latto) (Explicit Ver.),https://open.spotify.com/track/2HRgqmZQC0MC7GeNuDIXHN
Song,65,0TK2YIli7K1leLovkQiNik,Señorita,https://open.spotify.com/track/0TK2YIli7K1leLovkQiNik
Song,66,2VxeLyX666F8uXCJ0dZF8B,Shallow,https://open.spotify.com/track/2VxeLyX666F8uXCJ0dZF8B
Song,67,7qiZfU4dY1lWllzX7mPBI3,Shape of You,https://open.spotify.com/track/7qiZfU4dY1lWllzX7mPBI3
Song,68,1n19UiwISLvisCjNhjd5r7,Shine a Light,https://open.spotify.com/track/1n19UiwISLvisCjNhjd5r7
Song,69,4CeeEOM32jQcH3eN9Q2dGj,Smells Like Teen Spirit,https://open.spotify.com/track/4CeeEOM32jQcH3eN9Q2dGj
Song,70,7qEHsqek33rTcFNT9PFqLf,Someone You Loved,https://open.spotify.com/track/7qEHsqek33rTcFNT9PFqLf
Song,71,6RUKPb4LETWmmr3iAEQktW,Something Just Like This,https://open.spotify.com/track/6RUKPb4LETWmmr3iAEQktW
Song,72,69bp2EbF7Q2rqc5N3ylezZ,Sorry,https://open.spotify.com/track/69bp2EbF7Q2rqc5N3ylezZ
Song,73,5aAx2yezTd8zXrkmtKl66Z,Starboy,https://open.spotify.com/track/5aAx2yezTd8zXrkmtKl66Z
Song,74,3CRDbSIZ4r5MsZ0YwxuEkn,Stressed Out,https://open.spotify.com/track/3CRDbSIZ4r5MsZ0YwxuEkn
Song,75,3KkXRkHbMCARz0aVfEt68P,Sunflower - Spider-Man: Into the Spider-Verse,https://open.spotify.com/track/3KkXRkHbMCARz0aVfEt68P
Song,76,2NQzj8czPzUw9ufCOvAT8W,Sunlight,https://open.spotify.com/track/2NQzj8czPzUw9ufCOvAT8W
Song,77,2QjOHCTQ1Jl3zawyYOpxh6,Sweater Weather,https://open.spotify.com/track/2QjOHCTQ1Jl3zawyYOpxh6
Song,78,69xbnaJkdcXnsAgEZrJ9qb,Take Care of Me,https://open.spotify.com/track/69xbnaJkdcXnsAgEZrJ9qb
Song,79,2EiGECydkS2M8OCcRHQZhT,Take Me To Church,https://open.spotify.com/track/2EiGECydkS2M8OCcRHQZhT
Song,80,0KKkJNfGyhkQ5aFogxQAPU,That's What I Like,https://open.spotify.com/track/0KKkJNfGyhkQ5aFogxQAPU
Song,81,0ONCBcd5vrXlbAlpejbbgO,The Hard Days,https://open.spotify.com/track/0ONCBcd5vrXlbAlpejbbgO
Song,82,25khomWgBVamSdKw7hzm3l,The Hills,https://open.spotify.com/track/25khomWgBVamSdKw7hzm3l
Song,83,3hRV0jL3vUpRrcy398teAU,The Night We Met,https://open.spotify.com/track/3hRV0jL3vUpRrcy398teAU
Song,84,7JJmb5XwzOO8jgpou264Ml,There's Nothing Holdin' Me Back,https://open.spotify.com/track/7JJmb5XwzOO8jgpou264Ml
Song,85,34gCuhDGsG4bRPIf9bb02f,Thinking out Loud,https://open.spotify.com/track/34gCuhDGsG4bRPIf9bb02f
Song,86,0tKcYR2II1VCQWT79i5NrW,Thunder,https://open.spotify.com/track/0tKcYR2II1VCQWT79i5NrW
Song,87,48DKpTEVJ2pAjxQbWTad3q,Treat You Better,https://open.spotify.com/track/48DKpTEVJ2pAjxQbWTad3q
Song,88,3B54sVLJ402zGa6Xm4YGNe,Unforgettable,https://open.spotify.com/track/3B54sVLJ402zGa6Xm4YGNe
Song,89,1mea3bSkSGXuIRvnydlB5b,Viva La Vida,https://open.spotify.com/track/1mea3bSkSGXuIRvnydlB5b
Song,90,6g1NlCpW7fgqDnWbCCDrHl,Wake Me Up - Radio Edit,https://open.spotify.com/track/6g1NlCpW7fgqDnWbCCDrHl
Song,91,6UelLqGlWMcVH1E5c4H7lY,Watermelon Sugar,https://open.spotify.com/track/6UelLqGlWMcVH1E5c4H7lY
Song,92,0B7wvvmu9EISAwZnOpjhNI,When I Was Your Man,https://open.spotify.com/track/0B7wvvmu9EISAwZnOpjhNI
Song,93,7lQ8MOhq6IN2w8EYcFNSUk,Without Me,https://open.spotify.com/track/7lQ8MOhq6IN2w8EYcFNSUk
Song,94,3AJwUDP919kvQ9QcozQPxg,Yellow,https://open.spotify.com/track/3AJwUDP919kvQ9QcozQPxg
Song,95,2Fxmhks0bxGSBdJ92vM42m,bad guy,https://open.spotify.com/track/2Fxmhks0bxGSBdJ92vM42m
Song,96,5wANPM4fQCJwkGd4rN57mH,drivers license,https://open.spotify.com/track/5wANPM4fQCJwkGd4rN57mH
Song,97,4ZtFanR9U6ndgddUvNcjcG,good 4 u,https://open.spotify.com/track/4ZtFanR9U6ndgddUvNcjcG
Song,98,6gBFPUFcJLzWGx4lenP6h2,goosebumps,https://open.spotify.com/track/6gBFPUFcJLzWGx4lenP6h2
Song,99,0u2P5u6lvoDfwTYjAADbn4,lovely (with Khalid),https://open.spotify.com/track/0u2P5u6lvoDfwTYjAADbn4
Song,100,7wGoVu4Dady5GV0Sv4UIsx,rockstar,https://open.spotify.com/track/7wGoVu4Dady5GV0Sv4UIsx
